{"cameraMode":{"drawMode":0,"name":"Shaded","section":"Shading Mode"},"sceneLighting":true,"audioPlay":false,"sceneViewState":{"showFog":true,"showMaterialUpdate":true,"showSkybox":true,"showFlares":true,"showImageEffects":true,"showParticleSystems":true},"in2DMode":false,"pivot":{"x":0.4706030786037445,"y":0.2034921646118164,"z":3.2807796001434328},"rotation":{"x":-0.0069677154533565048,"y":0.8903311491012573,"z":-0.013631732203066349,"w":-0.4550771713256836},"size":0.6648251414299011,"orthographic":false}