{"cameraMode":{"drawMode":0,"name":"Shaded","section":"Shading Mode"},"sceneLighting":false,"audioPlay":false,"sceneViewState":{"showFog":true,"showMaterialUpdate":false,"showSkybox":false,"showFlares":true,"showImageEffects":true,"showParticleSystems":true},"in2DMode":false,"pivot":{"x":0.9841108322143555,"y":0.46274733543395998,"z":-3.5777666568756105},"rotation":{"x":-0.1804370880126953,"y":0.18609467148780824,"z":-0.03481652960181236,"w":-0.9652249813079834},"size":0.37710005044937136,"orthographic":false}