{"cameraMode":{"drawMode":0,"name":"Shaded","section":"Shading Mode"},"sceneLighting":false,"audioPlay":false,"sceneViewState":{"showFog":true,"showMaterialUpdate":true,"showSkybox":false,"showFlares":true,"showImageEffects":true,"showParticleSystems":true},"in2DMode":false,"pivot":{"x":2.690000057220459,"y":1.1233909130096436,"z":0.0},"rotation":{"x":-0.0006442088051699102,"y":-0.9970175623893738,"z":0.07673148810863495,"w":-0.008368831127882004},"size":1.8982316255569459,"orthographic":false}